{"cameraMode":{"drawMode":0,"name":"Shaded","section":"Shading Mode"},"sceneLighting":true,"audioPlay":false,"sceneViewState":{"m_AlwaysRefresh":false,"showFog":true,"showSkybox":true,"showFlares":true,"showImageEffects":true,"showParticleSystems":true,"showVisualEffectGraphs":true,"m_FxEnabled":true},"in2DMode":false,"pivot":{"x":-0.6120319366455078,"y":0.3624534606933594,"z":-0.1701641082763672},"rotation":{"x":-0.5694496035575867,"y":-0.14551466703414918,"z":0.10217931866645813,"w":-0.802804172039032},"size":19.220457077026368,"orthographic":false}